{"cameraMode":{"drawMode":0,"name":"Shaded","section":"Shading Mode"},"sceneLighting":true,"audioPlay":false,"sceneViewState":{"m_AlwaysRefresh":false,"showFog":true,"showSkybox":false,"showFlares":true,"showImageEffects":true,"showParticleSystems":true,"showVisualEffectGraphs":true,"m_FxEnabled":true},"in2DMode":false,"pivot":{"x":1.7359213829040528,"y":1.2999348640441895,"z":1.9013757705688477},"rotation":{"x":0.12226702272891998,"y":-0.5976265668869019,"z":0.0930035337805748,"w":0.7870926260948181},"size":1.309430480003357,"orthographic":false}