{"cameraMode":{"drawMode":0,"name":"Shaded","section":"Shading Mode"},"sceneLighting":false,"audioPlay":false,"sceneViewState":{"m_AlwaysRefresh":false,"showFog":true,"showSkybox":false,"showFlares":true,"showImageEffects":true,"showParticleSystems":true,"showVisualEffectGraphs":true,"m_FxEnabled":true},"in2DMode":false,"pivot":{"x":-0.939967155456543,"y":0.4036593437194824,"z":-0.18316489458084107},"rotation":{"x":-0.1752799153327942,"y":0.09490037709474564,"z":-0.01695355959236622,"w":-0.9798600673675537},"size":0.6314274668693543,"orthographic":false}